Source Node,Target Node
Gunter_d'Alquen,Heinrich_Himmler
Ludolf_von_Alvensleben,Gertrud_Scholtz-Klink
Ludolf_von_Alvensleben,Heinrich_Himmler
Ludolf_von_Alvensleben,Rudolf_Hess
Ludolf_von_Alvensleben,Baldur_von_Schirach
Ludolf_von_Alvensleben,Artur_Axmann
Ludolf_von_Alvensleben,Friedrich-Wilhelm_Krüger
Max_Amann,Otto_Dietrich
Max_Amann,Adolf_Hitler
Max_Amann,Franz_Ritter_von_Epp
Benno_von_Arent,Heinrich_Himmler
Hans_Aumeier,Heinrich_Himmler
Hans_Aumeier,Friedrich_Jeckeln
Hans_Aumeier,Richard_Glücks
Artur_Axmann,Adolf_Hitler
Artur_Axmann,Baldur_von_Schirach
Artur_Axmann,Heinrich_Himmler
Artur_Axmann,Konstantin_Hierl
Artur_Axmann,Martin_Bormann
Artur_Axmann,Werner_Naumann
Erich_von_dem_Bach-Zelewski,Heinrich_Himmler
Erich_von_dem_Bach-Zelewski,Arthur_Nebe
Erich_von_dem_Bach-Zelewski,Reinhard_Heydrich
Erich_von_dem_Bach-Zelewski,Kurt_Daluege
Erich_von_dem_Bach-Zelewski,Hans-Adolf_Prützmann
Erich_von_dem_Bach-Zelewski,Hermann_Göring
Erich_von_dem_Bach-Zelewski,Adolf_Eichmann
Herbert_Backe,Adolf_Hitler
Herbert_Backe,Richard_Walther_Darré
Herbert_Backe,Hans-Joachim_Riecke
Herbert_Backe,Reinhard_Heydrich
Herbert_Backe,Hermann_Göring
Herbert_Backe,Werner_Best
Herbert_Backe,Wilhelm_Stuckart
Herbert_Backe,Wilhelm_Frick
Herbert_Backe,Wilhelm_Ohnesorge
Herbert_Backe,Alfred_Rosenberg
Herbert_Backe,Karl_Dönitz
Richard_Baer,Rudolf_Höss
Richard_Baer,Martin_Gottfried_Weiss
Richard_Baer,Theodor_Eicke
Richard_Baer,Oswald_Pohl
Richard_Baer,Arthur_Liebehenschel
Richard_Baer,Fritz_Hartjenstein
Richard_Baer,Josef_Kramer
Klaus_Barbie,Adolf_Eichmann
Klaus_Barbie,Adolf_Hitler
Klaus_Barbie,Josef_Mengele
Joseph_Berchtold,Adolf_Hitler
Joseph_Berchtold,Julius_Schreck
Joseph_Berchtold,Erhard_Heiden
Gottlob_Berger,Heinrich_Himmler
Gottlob_Berger,Oskar_Dirlewanger
Gottlob_Berger,Adolf_Hitler
Gottlob_Berger,Friedrich-Wilhelm_Krüger
Gottlob_Berger,Werner_von_Fritsch
Gottlob_Berger,Sepp_Dietrich
Gottlob_Berger,August_Heissmeyer
Gottlob_Berger,Baldur_von_Schirach
Gottlob_Berger,Paul_Hausser
Gottlob_Berger,Theodor_Eicke
Gottlob_Berger,Wilhelm_Keitel
Gottlob_Berger,Alfred_Jodl
Gottlob_Berger,Hans_Jüttner
Gottlob_Berger,Artur_Axmann
Gottlob_Berger,Albert_Speer
Gottlob_Berger,Alfred_Rosenberg
Gottlob_Berger,Martin_Bormann
Werner_Best,Reinhard_Heydrich
Werner_Best,Ernst_Röhm
Werner_Best,Heinrich_Himmler
Werner_Best,Otto_von_Stülpnagel
Helmut_Bischoff,Hans_Kammler
Helmut_Bischoff,Richard_Baer
Helmut_Bischoff,Albert_Speer
Paul_Blobel,Friedrich_Jeckeln
Paul_Blobel,Adolf_Hitler
Paul_Blobel,Reinhard_Heydrich
Werner_von_Blomberg,Wilhelm_Keitel
Werner_von_Blomberg,Hermann_Göring
Werner_von_Blomberg,Heinrich_Himmler
Werner_von_Blomberg,Adolf_Hitler
Werner_von_Blomberg,Walter_von_Reichenau
Werner_von_Blomberg,Ernst_Röhm
Werner_von_Blomberg,Konstantin_von_Neurath
Werner_von_Blomberg,Werner_von_Fritsch
Werner_von_Blomberg,Erich_Raeder
Hans-Friedrich_Blunck,Adolf_Hitler
Hans-Friedrich_Blunck,Hanns_Johst
Hans-Friedrich_Blunck,Hans_Hinkel
Hans-Friedrich_Blunck,Hinrich_Lohse
Ernst_Boepple,Josef_Bühler
Ernst_Boepple,Anton_Drexler
Ernst_Boepple,Alfred_Rosenberg
Ernst_Boepple,Dietrich_Eckart
Ernst_Boepple,Hans_Schemm
Ernst_Wilhelm_Bohle,Hans_Nieland
Ernst_Wilhelm_Bohle,Gregor_Strasser
Ernst_Wilhelm_Bohle,Rudolf_Hess
Ernst_Wilhelm_Bohle,Joachim_von_Ribbentrop
Otto_von_Bolschwing,Adolf_Eichmann
Otto_von_Bolschwing,Heinrich_Himmler
Albert_Bormann,Martin_Bormann
Albert_Bormann,Adolf_Hitler
Albert_Bormann,Philipp_Bouhler
Martin_Bormann,Rudolf_Hess
Martin_Bormann,Adolf_Hitler
Martin_Bormann,Walter_Buch
Martin_Bormann,Rudolf_Höss
Martin_Bormann,Heinrich_Himmler
Martin_Bormann,Hermann_Göring
Martin_Bormann,Albert_Speer
Martin_Bormann,Wilhelm_Frick
Martin_Bormann,Alfred_Rosenberg
Martin_Bormann,Robert_Ley
Martin_Bormann,Hans_Frank
Martin_Bormann,Hans_Lammers
Martin_Bormann,Wilhelm_Keitel
Martin_Bormann,Adolf_Eichmann
Martin_Bormann,Erich_Koch
Martin_Bormann,Albert_Bormann
Martin_Bormann,Wilhelm_Burgdorf
Martin_Bormann,Karl_Dönitz
Martin_Bormann,Artur_Axmann
Philipp_Bouhler,Baldur_von_Schirach
Philipp_Bouhler,Hermann_Göring
Philipp_Bouhler,Robert_Ley
Philipp_Bouhler,Adolf_Hitler
Philipp_Bouhler,Karl_Freiherr_Michel_von_Tüßling
Philipp_Bouhler,Martin_Bormann
Philipp_Bouhler,Heinrich_Himmler
Philipp_Bouhler,Fritz_Todt
Philipp_Bouhler,Reinhard_Heydrich
Philipp_Bouhler,Karl_Brandt
Philipp_Bouhler,Viktor_Brack
Viktor_Brack,Heinrich_Himmler
Viktor_Brack,Philipp_Bouhler
Viktor_Brack,Karl_Brandt
Viktor_Brack,Adolf_Eichmann
Otto_Bradfisch,Arthur_Nebe
Otto_Bradfisch,Reinhard_Heydrich
Walther_von_Brauchitsch,Adolf_Hitler
Walther_von_Brauchitsch,Werner_von_Fritsch
Walther_von_Brauchitsch,Erich_Koch
Walther_von_Brauchitsch,Heinrich_Himmler
Walther_von_Brauchitsch,Werner_von_Blomberg
Walther_von_Brauchitsch,Wilhelm_Keitel
Walther_von_Brauchitsch,Joachim_von_Ribbentrop
Walther_von_Brauchitsch,Hermann_Göring
Franz_Breithaupt,Heinrich_Himmler
Franz_Breithaupt,Viktor_Brack
Helmuth_Brückner,Gregor_Strasser
Alois_Brunner,Adolf_Eichmann
Alois_Brunner,Helmut_Knochen
Alois_Brunner,Josef_Mengele
Walter_Buch,Martin_Bormann
Walter_Buch,Adolf_Hitler
Walter_Buch,Hermann_Göring
Walter_Buch,Hans_Frank
Walter_Buch,Ernst_Röhm
Walter_Buch,Julius_Streicher
Walter_Buch,Wilhelm_Kube
Walter_Buch,Baldur_von_Schirach
Walter_Buch,Heinrich_Himmler
Friedrich_Buchardt,Franz_Six
Friedrich_Buchardt,Odilo_Globocnik
Friedrich_Buchardt,Arthur_Nebe
Friedrich_Buchardt,Otto_Ohlendorf
Josef_Bühler,Hans_Frank
Josef_Bühler,Adolf_Hitler
Josef_Bühler,Heinrich_Himmler
Josef_Bürckel,Arthur_Seyss-Inquart
Josef_Bürckel,Baldur_von_Schirach
Josef_Bürckel,Odilo_Globocnik
Josef_Bürckel,Willi_Stöhr
Josef_Bürckel,Heinrich_Himmler
Josef_Bürckel,Martin_Bormann
Wilhelm_Burgdorf,Adolf_Hitler
Wilhelm_Burgdorf,Wilhelm_Keitel
Wilhelm_Burgdorf,Heinrich_Himmler
Wilhelm_Burgdorf,Hermann_Fegelein
Wilhelm_Burgdorf,Wilhelm_Mohnke
Wilhelm_Burgdorf,Johann_Rattenhuber
Wilhelm_Burgdorf,Martin_Bormann
Wilhelm_Burgdorf,Hans_Fritzsche
Anton_Burger,Adolf_Eichmann
Werner_Catel,Karl_Brandt
Carl_Clauberg,Horst_Schumann
Carl_Clauberg,Heinrich_Himmler
Carl_Clauberg,Josef_Mengele
Leonardo_Conti,Horst_Wessel
Leonardo_Conti,Hermann_Göring
Kurt_Daluege,Heinrich_Himmler
Kurt_Daluege,Alfred_Wünnenberg
Kurt_Daluege,Konstantin_von_Neurath
Kurt_Daluege,Reinhard_Heydrich
Kurt_Daluege,Wilhelm_Frick
Kurt_Daluege,Walter_Stennes
Kurt_Daluege,Adolf_Hitler
Kurt_Daluege,Hermann_Göring
Kurt_Daluege,Ernst_Röhm
Kurt_Daluege,Hans_Frank
Kurt_Daluege,Erich_von_dem_Bach-Zelewski
Kurt_Daluege,Karl_Hermann_Frank
Richard_Walther_Darré,Adolf_Hitler
Richard_Walther_Darré,Herbert_Backe
Richard_Walther_Darré,Heinrich_Himmler
Richard_Walther_Darré,Alfred_Rosenberg
Richard_Walther_Darré,Hjalmar_Schacht
Rudolf_Diels,Adolf_Hitler
Rudolf_Diels,Hermann_Göring
Rudolf_Diels,Reinhard_Heydrich
Rudolf_Diels,Arthur_Nebe
Rudolf_Diels,Gregor_Strasser
Rudolf_Diels,Heinrich_Himmler
Sepp_Dietrich,Adolf_Hitler
Sepp_Dietrich,Paul_Hausser
Sepp_Dietrich,Heinrich_Himmler
Sepp_Dietrich,Ernst_Röhm
Otto_Dietrich,Walther_Funk
Otto_Dietrich,Adolf_Hitler
Otto_Dietrich,Max_Amann
Otto_Dietrich,Hans_Fritzsche
Oskar_Dirlewanger,Gottlob_Berger
Oskar_Dirlewanger,Heinrich_Himmler
Oskar_Dirlewanger,Odilo_Globocnik
Oskar_Dirlewanger,Erich_von_dem_Bach-Zelewski
Karl_Dönitz,Adolf_Hitler
Karl_Dönitz,Wilhelm_Keitel
Karl_Dönitz,Erich_Raeder
Karl_Dönitz,Hans-Georg_von_Friedeburg
Karl_Dönitz,Alfred_Jodl
Karl_Dönitz,Hermann_Göring
Karl_Dönitz,Albert_Speer
Karl_Dönitz,Heinrich_Himmler
Franz_Xaver_Dorsch,Albert_Speer
Franz_Xaver_Dorsch,Fritz_Todt
Franz_Xaver_Dorsch,Adolf_Hitler
Franz_Xaver_Dorsch,Martin_Bormann
Franz_Xaver_Dorsch,Hermann_Göring
Richard_Drauz,Wilhelm_Murr
Richard_Drauz,Karl_Strölin
Otto-Heinrich_Drechsler,Friedrich_Hildebrandt
Otto-Heinrich_Drechsler,Friedrich_Jeckeln
Otto-Heinrich_Drechsler,Hinrich_Lohse
Otto-Heinrich_Drechsler,Heinrich_Himmler
Anton_Drexler,Adolf_Hitler
Anton_Drexler,Gottfried_Feder
Anton_Drexler,Dietrich_Eckart
Irmfried_Eberl,Christian_Wirth
Irmfried_Eberl,Franz_Stangl
Dietrich_Eckart,Adolf_Hitler
Dietrich_Eckart,Alfred_Rosenberg
Dietrich_Eckart,Gottfried_Feder
Dietrich_Eckart,Anton_Drexler
Dietrich_Eckart,Franz_Ritter_von_Epp
Dietrich_Eckart,Hermann_Esser
Dietrich_Eckart,Max_Erwin_von_Scheubner-Richter
Dietrich_Eckart,Julius_Streicher
Dietrich_Eckart,Rudolf_Hess
Dietrich_Eckart,Hans_Lammers
Dietrich_Eckart,Ernst_Hanfstaengl
Joachim_Albrecht_Eggeling,Adolf_Hitler
Joachim_Albrecht_Eggeling,Wilhelm_Friedrich_Loeper
Joachim_Albrecht_Eggeling,Martin_Bormann
Adolf_Eichmann,Reinhard_Heydrich
Adolf_Eichmann,Adolf_Hitler
Adolf_Eichmann,Ernst_Kaltenbrunner
Adolf_Eichmann,Heinrich_Himmler
Adolf_Eichmann,Leopold_von_Mildenstein
Adolf_Eichmann,Hans_Frank
Adolf_Eichmann,Hermann_Göring
Adolf_Eichmann,Rudolf_Höss
Adolf_Eichmann,Josef_Mengele
Adolf_Eichmann,Wilhelm_Stuckart
Theodor_Eicke,Ernst_Röhm
Theodor_Eicke,Heinrich_Himmler
Theodor_Eicke,Franz_Gürtner
Theodor_Eicke,Adolf_Hitler
Theodor_Eicke,Sepp_Dietrich
Theodor_Eicke,Reinhard_Heydrich
Theodor_Eicke,Richard_Glücks
Theodor_Eicke,Oswald_Pohl
Theodor_Eicke,Matthias_Kleinheisterkamp
August_Eigruber,Heinrich_Himmler
August_Eigruber,Adolf_Hitler
Franz_Ritter_von_Epp,Ernst_Röhm
Franz_Ritter_von_Epp,Adolf_Hitler
Franz_Ritter_von_Epp,Wilhelm_Frick
Hermann_Esser,Ludwig_Siebert
Hermann_Esser,Gregor_Strasser
Hermann_Esser,Adolf_Hitler
Hermann_Esser,Reinhard_Heydrich
Hermann_Esser,Karl_Wolff
Hermann_Esser,Anton_Drexler
Hermann_Esser,Gottfried_Feder
Hermann_Esser,Dietrich_Eckart
Hermann_Esser,Julius_Streicher
Hermann_Esser,Hermann_Göring
Hermann_Esser,Franz_Ritter_von_Epp
Hermann_Esser,Adolf_Wagner
Gottfried_Feder,Rudolf_Jung
Gottfried_Feder,Adolf_Hitler
Gottfried_Feder,Gregor_Strasser
Gottfried_Feder,Otto_Strasser
Gottfried_Feder,Anton_Drexler
Gottfried_Feder,Dietrich_Eckart
Gottfried_Feder,Hjalmar_Schacht
Hermann_Fegelein,Adolf_Hitler
Hermann_Fegelein,Heinrich_Himmler
Hermann_Fegelein,Albert_Speer
Hermann_Fegelein,Friedrich-Wilhelm_Krüger
Hermann_Fegelein,Reinhard_Heydrich
Hermann_Fegelein,Erich_von_dem_Bach-Zelewski
Hermann_Fegelein,Martin_Bormann
Hermann_Fegelein,Peter_Högl
Hermann_Fegelein,Wilhelm_Mohnke
Hermann_Fegelein,Wilhelm_Burgdorf
Hermann_Fegelein,Johann_Rattenhuber
Hermann_Fegelein,Bruno_Streckenbach
Karl_Fiehler,Joachim_von_Ribbentrop
Karl_Fiehler,Heinrich_Himmler
Karl_Fiehler,Adolf_Wagner
Karl_Fiehler,Albert_Speer
Karl_Fiehler,Franz_Walter_Stahlecker
Friedrich_Karl_Florian,Adolf_Hitler
Friedrich_Karl_Florian,Fritz_Schlessmann
Friedrich_Karl_Florian,Albert_Speer
Albert_Forster,Arthur_Greiser
Albert_Forster,Adolf_Hitler
Albert_Forster,Erich_von_dem_Bach-Zelewski
Albert_Forster,Rudolf_Hess
Albert_Forster,Heinrich_Himmler
Hans_Frank,Adolf_Hitler
Hans_Frank,Franz_Ritter_von_Epp
Hans_Frank,Hanns_Ludin
Hans_Frank,Friedrich-Wilhelm_Krüger
Hans_Frank,Heinrich_Himmler
Hans_Frank,Alfred_Jodl
Hans_Frank,Alfred_Rosenberg
Hans_Frank,Rudolf_Höss
Hans_Frank,Albert_Speer
Hans_Frank,Hermann_Göring
Karl_Hermann_Frank,Adolf_Hitler
Karl_Hermann_Frank,Konstantin_von_Neurath
Karl_Hermann_Frank,Reinhard_Heydrich
Karl_Hermann_Frank,Kurt_Daluege
Karl_Hermann_Frank,Wilhelm_Frick
Roland_Freisler,Adolf_Hitler
Roland_Freisler,Heinrich_Himmler
Roland_Freisler,Karl_Weinrich
Roland_Freisler,Franz_Gürtner
Roland_Freisler,Franz_Schlegelberger
Roland_Freisler,Otto_Georg_Thierack
Roland_Freisler,Alfred_Jodl
Roland_Freisler,Hans_Frank
Roland_Freisler,Carl_Schmitt
Wilhelm_Frick,Adolf_Hitler
Wilhelm_Frick,Heinrich_Himmler
Wilhelm_Frick,Konstantin_von_Neurath
Wilhelm_Frick,Kurt_Daluege
Wilhelm_Frick,Gregor_Strasser
Wilhelm_Frick,Hans_F._K._Günther
Wilhelm_Frick,Hermann_Göring
Wilhelm_Frick,Franz_von_Papen
Wilhelm_Frick,Hans_von_Tschammer_und_Osten
Wilhelm_Frick,Lutz_Graf_Schwerin_von_Krosigk
Wilhelm_Frick,Rudolf_Hess
Hans-Georg_von_Friedeburg,Alfred_Jodl
Hans-Georg_von_Friedeburg,Karl_Dönitz
Hans-Georg_von_Friedeburg,Wilhelm_Keitel
Werner_von_Fritsch,Adolf_Hitler
Werner_von_Fritsch,Walther_von_Brauchitsch
Werner_von_Fritsch,Werner_von_Blomberg
Werner_von_Fritsch,Heinrich_Himmler
Werner_von_Fritsch,Hermann_Göring
Werner_von_Fritsch,Wilhelm_Keitel
Hans_Fritzsche,Adolf_Hitler
Hans_Fritzsche,Wilhelm_Burgdorf
Hans_Fritzsche,Hjalmar_Schacht
Hans_Fritzsche,Franz_von_Papen
Walther_Funk,Adolf_Hitler
Walther_Funk,Karl_Dönitz
Walther_Funk,Hermann_Göring
Walther_Funk,Hjalmar_Schacht
Walther_Funk,Otto_Dietrich
Walther_Funk,Gregor_Strasser
Walther_Funk,Albert_Speer
Walther_Funk,Erhard_Milch
Walther_Funk,Robert_Ley
Walther_Funk,Martin_Bormann
Walther_Funk,Lutz_Graf_Schwerin_von_Krosigk
Walther_Funk,Rudolf_Hess
Walther_Funk,Baldur_von_Schirach
Karl_Gebhardt,Heinrich_Himmler
Karl_Gebhardt,Reinhard_Heydrich
Karl_Gebhardt,Adolf_Hitler
Karl_Gebhardt,Albert_Speer
Karl_Gebhardt,Herta_Oberheuser
Achim_Gercke,Reinhard_Heydrich
Achim_Gercke,Gregor_Strasser
Karl_Gerland,Karl_Weinrich
Karl_Gerland,Rudolf_Hess
Kurt_Gerstein,Odilo_Globocnik
Kurt_Gerstein,Christian_Wirth
Kurt_Gerstein,Rudolf_Höss
Herbert_Gille,Felix_Steiner
Herbert_Gille,Paul_Hausser
Odilo_Globocnik,Heinrich_Himmler
Odilo_Globocnik,Arthur_Seyss-Inquart
Odilo_Globocnik,Adolf_Hitler
Odilo_Globocnik,Christian_Wirth
Odilo_Globocnik,Philipp_Bouhler
Odilo_Globocnik,Viktor_Brack
Odilo_Globocnik,Reinhard_Heydrich
Odilo_Globocnik,Franz_Stangl
Odilo_Globocnik,Franz_Reichleitner
Odilo_Globocnik,Friedrich_Rainer
Odilo_Globocnik,Hermann_Höfle
Richard_Glücks,Heinrich_Himmler
Richard_Glücks,Theodor_Eicke
Richard_Glücks,Reinhard_Heydrich
Richard_Glücks,Oswald_Pohl
Richard_Glücks,Hans_Kammler
Richard_Glücks,Rudolf_Höss
Hermann_Göring,Adolf_Hitler
Hermann_Göring,Franz_von_Papen
Hermann_Göring,Robert_Ritter_von_Greim
Hermann_Göring,Hjalmar_Schacht
Hermann_Göring,Walther_Funk
Hermann_Göring,Hans_Ulrich_Klintzsch
Hermann_Göring,Franz_Pfeffer_von_Salomon
Hermann_Göring,Heinrich_Himmler
Hermann_Göring,Rudolf_Hess
Hermann_Göring,Alfred_Rosenberg
Hermann_Göring,Ernst_Röhm
Hermann_Göring,Rudolf_Diels
Hermann_Göring,Wilhelm_Frick
Hermann_Göring,Reinhard_Heydrich
Hermann_Göring,Werner_von_Blomberg
Hermann_Göring,Werner_von_Fritsch
Hermann_Göring,Joachim_von_Ribbentrop
Hermann_Göring,Erich_Raeder
Hermann_Göring,Alfred_Jodl
Hermann_Göring,Hans_Lammers
Hermann_Göring,Martin_Bormann
Hermann_Göring,Karl_Dönitz
Hermann_Göring,Erhard_Milch
Hermann_Göring,Albert_Speer
Amon_Göth,Adolf_Hitler
Amon_Göth,Heinrich_Himmler
Robert_Ritter_von_Greim,Hermann_Göring
Robert_Ritter_von_Greim,Adolf_Hitler
Robert_Ritter_von_Greim,Heinrich_Himmler
Arthur_Greiser,Adolf_Hitler
Arthur_Greiser,Hermann_Rauschning
Arthur_Greiser,Albert_Forster
Arthur_Greiser,Rudolf_Hess
Arthur_Greiser,Martin_Bormann
Arthur_Greiser,Heinrich_Himmler
Arthur_Greiser,Reinhard_Heydrich
Arthur_Greiser,Hermann_Göring
Arthur_Greiser,Herbert_Lange
Wilhelm_Grimm_(Nazi_politician),Julius_Streicher
Wilhelm_Grimm_(Nazi_politician),Heinrich_Himmler
Josef_Grohé,Robert_Ley
Josef_Grohé,Adolf_Hitler
Josef_Grohé,Albert_Speer
Josef_Grohé,Werner_Naumann
Walter_Gross_(politician),Alfred_Rosenberg
Walter_Gross_(politician),Joachim_von_Ribbentrop
Kurt_Gruber,Adolf_Hitler
Hans_F._K._Günther,Heinrich_Himmler
Hans_F._K._Günther,Wilhelm_Frick
Hans_F._K._Günther,Alfred_Rosenberg
Hans_F._K._Günther,Adolf_Hitler
Hans_F._K._Günther,Hermann_Göring
Franz_Gürtner,Adolf_Hitler
Franz_Gürtner,Franz_von_Papen
Franz_Gürtner,Franz_Schlegelberger
Franz_Gürtner,Roland_Freisler
Franz_Gürtner,Wilhelm_Frick
Eugen_Hadamovsky,Adolf_Hitler
Ernst_Hanfstaengl,Adolf_Hitler
Ernst_Hanfstaengl,Franz_von_Papen
Ernst_Hanfstaengl,Hermann_Göring
Ernst_Hanfstaengl,Albert_Speer
Karl_Hanke,Adolf_Hitler
Karl_Hanke,Karl_Dönitz
Karl_Hanke,Lutz_Graf_Schwerin_von_Krosigk
Karl_Hanke,Heinrich_Himmler
Karl_Hanke,Albert_Speer
Karl_Hanke,Walther_Funk
Paul_Hausser,Sepp_Dietrich
Paul_Hausser,Heinrich_Himmler
Paul_Hausser,Felix_Steiner
Paul_Hausser,Kurt_Meyer
Franz_Hayler,Adolf_Hitler
Franz_Hayler,Walther_Funk
Martin_Heidegger,Alfred_Rosenberg
Martin_Heidegger,Adolf_Hitler
Erhard_Heiden,Adolf_Hitler
Erhard_Heiden,Heinrich_Himmler
Erhard_Heiden,Joseph_Berchtold
Erhard_Heiden,Julius_Schreck
Erhard_Heiden,Emil_Maurice
Erhard_Heiden,Reinhard_Heydrich
Erhard_Heiden,Karl_Hanke
Edmund_Heines,Wolf-Heinrich_Graf_von_Helldorff
Edmund_Heines,Ernst_Röhm
Edmund_Heines,Adolf_Hitler
Edmund_Heines,Wilhelm_Frick
Edmund_Heines,Adolf_Wagner
Edmund_Heines,Helmuth_Brückner
August_Heissmeyer,Gertrud_Scholtz-Klink
August_Heissmeyer,Heinrich_Himmler
August_Heissmeyer,Theodor_Eicke
August_Heissmeyer,Richard_Glücks
Wolf-Heinrich_Graf_von_Helldorff,Adolf_Hitler
Wolf-Heinrich_Graf_von_Helldorff,Roland_Freisler
Otto_Hellmuth,Adolf_Hitler
Konrad_Henlein,Adolf_Hitler
Konrad_Henlein,Karl_Hermann_Frank
Konrad_Henlein,Joachim_von_Ribbentrop
Konrad_Henlein,Ernst_von_Weizsäcker
Konrad_Henlein,Wilhelm_Keitel
Konrad_Henlein,Konstantin_von_Neurath
Konrad_Henlein,Reinhard_Heydrich
Konrad_Henlein,Arthur_Seyss-Inquart
Rudolf_Hess,Adolf_Hitler
Rudolf_Hess,Martin_Bormann
Rudolf_Hess,Hermann_Göring
Rudolf_Hess,Emil_Maurice
Rudolf_Hess,Max_Amann
Rudolf_Hess,Konrad_Henlein
Rudolf_Hess,Fritz_Todt
Rudolf_Hess,Reinhard_Heydrich
Rudolf_Hess,Heinrich_Himmler
Rudolf_Hess,Albert_Speer
Rudolf_Hess,Joachim_von_Ribbentrop
Rudolf_Hess,Robert_Ley
Rudolf_Hess,Ernst_Wilhelm_Bohle
Rudolf_Hess,Karl_Strölin
Rudolf_Hess,Konstantin_von_Neurath
Rudolf_Hess,Walther_Funk
Rudolf_Hess,Erich_Raeder
Rudolf_Hess,Karl_Dönitz
Rudolf_Hess,Baldur_von_Schirach
Walther_Hewel,Adolf_Hitler
Walther_Hewel,Heinrich_Himmler
Walther_Hewel,Joachim_von_Ribbentrop
Walther_Hewel,Martin_Bormann
Walther_Hewel,Artur_Axmann
Walther_Hewel,Johann_Rattenhuber
Walther_Hewel,Wilhelm_Mohnke
Walther_Hewel,Hermann_Fegelein
Werner_Heyde,Theodor_Eicke
Reinhard_Heydrich,Adolf_Hitler
Reinhard_Heydrich,Konstantin_von_Neurath
Reinhard_Heydrich,Kurt_Daluege
Reinhard_Heydrich,Heinrich_Himmler
Reinhard_Heydrich,Arthur_Nebe
Reinhard_Heydrich,Rudolf_Diels
Reinhard_Heydrich,Erich_Raeder
Reinhard_Heydrich,Gregor_Strasser
Reinhard_Heydrich,Achim_Gercke
Reinhard_Heydrich,Hermann_Göring
Reinhard_Heydrich,Rudolf_Hess
Reinhard_Heydrich,Ernst_Röhm
Reinhard_Heydrich,Viktor_Lutze
Reinhard_Heydrich,Adolf_Eichmann
Reinhard_Heydrich,Otto_Rasch
Reinhard_Heydrich,Karl_Gebhardt
Reinhard_Heydrich,Karl_Hermann_Frank
Reinhard_Heydrich,Ernst_Kaltenbrunner
Konstantin_Hierl,Adolf_Hitler
Konstantin_Hierl,Gregor_Strasser
Konstantin_Hierl,Hans_Frank
Konstantin_Hierl,Franz_Seldte
Konstantin_Hierl,Wilhelm_Frick
Erich_Hilgenfeldt,Gertrud_Scholtz-Klink
Heinrich_Himmler,Reinhard_Heydrich
Heinrich_Himmler,Erhard_Heiden
Heinrich_Himmler,Karl_Hanke
Heinrich_Himmler,Wilhelm_Frick
Heinrich_Himmler,Ernst_Kaltenbrunner
Heinrich_Himmler,Adolf_Hitler
Heinrich_Himmler,Ernst_Röhm
Heinrich_Himmler,Gregor_Strasser
Heinrich_Himmler,Rudolf_Höss
Heinrich_Himmler,Hermann_Göring
Heinrich_Himmler,Franz_Ritter_von_Epp
Heinrich_Himmler,Theodor_Eicke
Heinrich_Himmler,Werner_von_Blomberg
Heinrich_Himmler,Rudolf_Diels
Heinrich_Himmler,Kurt_Daluege
Heinrich_Himmler,Oswald_Pohl
Heinrich_Himmler,Karl_Hermann_Frank
Heinrich_Himmler,Philipp_Bouhler
Heinrich_Himmler,Fritz_Todt
Heinrich_Himmler,Hans_Jüttner
Heinrich_Himmler,Hans_Lammers
Heinrich_Himmler,Albert_Speer
Heinrich_Himmler,Walter_Schellenberg
Heinrich_Himmler,Martin_Bormann
Heinrich_Himmler,Hermann_Fegelein
Heinrich_Himmler,Karl_Dönitz
Heinrich_Himmler,Wilhelm_Stuckart
August_Hirt,Heinrich_Himmler
August_Hirt,Josef_Kramer
Adolf_Hitler,Karl_Dönitz
Adolf_Hitler,Franz_von_Papen
Adolf_Hitler,Rudolf_Hess
Adolf_Hitler,Anton_Drexler
Adolf_Hitler,Martin_Bormann
Adolf_Hitler,Walther_von_Brauchitsch
Adolf_Hitler,Ferdinand_Schörner
Adolf_Hitler,Hans_Frank
Adolf_Hitler,Dietrich_Eckart
Adolf_Hitler,Hermann_Esser
Adolf_Hitler,Hermann_Göring
Adolf_Hitler,Ernst_Röhm
Adolf_Hitler,Wilhelm_Frick
Adolf_Hitler,Ernst_Hanfstaengl
Adolf_Hitler,Alfred_Rosenberg
Adolf_Hitler,Emil_Maurice
Adolf_Hitler,Gregor_Strasser
Adolf_Hitler,Otto_Strasser
Adolf_Hitler,Hanns_Ludin
Adolf_Hitler,Dietrich_Klagges
Adolf_Hitler,Werner_von_Blomberg
Adolf_Hitler,Werner_von_Fritsch
Adolf_Hitler,Wilhelm_Keitel
Adolf_Hitler,Hjalmar_Schacht
Adolf_Hitler,Albert_Speer
Adolf_Hitler,Joachim_von_Ribbentrop
Adolf_Hitler,Konrad_Henlein
Adolf_Hitler,Albert_Forster
Adolf_Hitler,Arthur_Greiser
Adolf_Hitler,Heinrich_Himmler
Adolf_Hitler,Felix_Steiner
Adolf_Hitler,Alfred_Jodl
Adolf_Hitler,Wilhelm_Burgdorf
Adolf_Hitler,Hermann_Fegelein
Adolf_Hitler,Reinhard_Heydrich
Adolf_Hitler,Leni_Riefenstahl
Adolf_Hitler,Franz_Pfeffer_von_Salomon
Franz_Hofer,Martin_Bormann
Franz_Hofer,Adolf_Hitler
Albert_Hoffmann_(Nazi),Adolf_Hitler
Albert_Hoffmann_(Nazi),Rudolf_Hess
Albert_Hoffmann_(Nazi),Martin_Bormann
Hermann_Höfle,Julius_Schreck
Hermann_Höfle,Christian_Wirth
Hermann_Höfle,Adolf_Eichmann
Peter_Högl,Adolf_Hitler
Peter_Högl,Johann_Rattenhuber
Peter_Högl,Heinrich_Himmler
Peter_Högl,Hermann_Fegelein
Peter_Högl,Wilhelm_Mohnke
Peter_Högl,Wilhelm_Burgdorf
Adolf_Hühnlein,Ernst_Röhm
Karl_Holz_(Nazi),Hans_Zimmermann
Karl_Holz_(Nazi),Julius_Streicher
Karl_Holz_(Nazi),Hans_Schemm
Franz_Josef_Huber,Heinrich_Himmler
Franz_Josef_Huber,Reinhard_Heydrich
Franz_Josef_Huber,Adolf_Hitler
Franz_Josef_Huber,Hermann_Göring
Franz_Josef_Huber,Werner_von_Blomberg
Franz_Josef_Huber,Werner_von_Fritsch
Franz_Josef_Huber,August_Eigruber
Franz_Josef_Huber,Adolf_Eichmann
Franz_Josef_Huber,Alois_Brunner
Franz_Josef_Huber,Baldur_von_Schirach
Franz_Josef_Huber,Ernst_Kaltenbrunner
Karl_Jäger,Rudolf_Hess
Karl_Jäger,Heinrich_Himmler
Karl_Jäger,Franz_Walter_Stahlecker
Friedrich_Jeckeln,Heinrich_Himmler
Alfred_Jodl,Wilhelm_Keitel
Alfred_Jodl,Adolf_Hitler
Alfred_Jodl,Karl_Dönitz
Alfred_Jodl,Albert_Speer
Alfred_Jodl,Hermann_Göring
Hanns_Johst,Heinrich_Himmler
Hanns_Johst,Hermann_Göring
Hanns_Johst,Alfred_Rosenberg
Hanns_Johst,Hans-Friedrich_Blunck
Rudolf_Jordan_(politician),Joachim_Albrecht_Eggeling
Rudolf_Jordan_(politician),Fritz_Sauckel
Rudolf_Jordan_(politician),Gregor_Strasser
Rudolf_Jordan_(politician),Adolf_Hitler
Rudolf_Jordan_(politician),Reinhard_Heydrich
Hugo_Jury,Arthur_Seyss-Inquart
Hugo_Jury,Adolf_Hitler
Hugo_Jury,Heinrich_Himmler
Hans_Jüttner,Theodor_Eicke
Hans_Jüttner,Heinrich_Himmler
Hans_Jüttner,Adolf_Eichmann
Ernst_Kaltenbrunner,Adolf_Hitler
Ernst_Kaltenbrunner,Reinhard_Heydrich
Ernst_Kaltenbrunner,Heinrich_Himmler
Ernst_Kaltenbrunner,Arthur_Nebe
Ernst_Kaltenbrunner,Arthur_Seyss-Inquart
Ernst_Kaltenbrunner,Adolf_Eichmann
Ernst_Kaltenbrunner,Heinz_Jost
Ernst_Kaltenbrunner,Hermann_Göring
Ernst_Kaltenbrunner,August_Eigruber
Ernst_Kaltenbrunner,Franz_Ziereis
Ernst_Kaltenbrunner,Walter_Schellenberg
Ernst_Kaltenbrunner,Wilhelm_Stuckart
Ernst_Kaltenbrunner,Otto_Skorzeny
Ernst_Kaltenbrunner,Karl_Wolff
Hans_Kammler,Oswald_Pohl
Hans_Kammler,Albert_Speer
Hans_Kammler,Richard_Glücks
Hans_Kammler,Adolf_Hitler
Siegfried_Kasche,Adolf_Hitler
Siegfried_Kasche,Ante_Pavelić
Karl_Kaufmann,Hinrich_Lohse
Karl_Kaufmann,Josef_Terboven
Karl_Kaufmann,Viktor_Lutze
Karl_Kaufmann,Franz_Pfeffer_von_Salomon
Karl_Kaufmann,Adolf_Hitler
Karl_Kaufmann,Erich_Koch
Karl_Kaufmann,Heinrich_Himmler
Karl_Kaufmann,Karl_Dönitz
Karl_Kaufmann,Werner_Naumann
Wilhelm_Keitel,Werner_von_Blomberg
Wilhelm_Keitel,Alfred_Jodl
Wilhelm_Keitel,Walter_von_Reichenau
Wilhelm_Keitel,Adolf_Hitler
Wilhelm_Keitel,Werner_von_Fritsch
Wilhelm_Keitel,Hermann_Göring
Wilhelm_Keitel,Walther_von_Brauchitsch
Wilhelm_Keitel,Erich_Raeder
Wilhelm_Keitel,Hans_Lammers
Wilhelm_Keitel,Martin_Bormann
Wilhelm_Keitel,Roland_Freisler
Wilhelm_Keitel,Karl_Dönitz
Wilhelm_Keitel,Albert_Speer
Wilhelm_Keitel,Otto_von_Stülpnagel
Hanns_Kerrl,Adolf_Hitler
Hanns_Kerrl,Hermann_Muhs
Hanns_Kerrl,Hermann_Göring
Hanns_Kerrl,Heinrich_Himmler
Dietrich_Klagges,Adolf_Hitler
Dietrich_Klagges,Hanns_Kerrl
Dietrich_Klagges,Hermann_Göring
Matthias_Kleinheisterkamp,Paul_Hausser
Matthias_Kleinheisterkamp,Theodor_Eicke
Matthias_Kleinheisterkamp,Wilhelm_Burgdorf
Matthias_Kleinheisterkamp,Adolf_Hitler
Hans_Ulrich_Klintzsch,Hermann_Göring
Hans_Ulrich_Klintzsch,Emil_Maurice
Erich_Koch,Adolf_Hitler
Erich_Koch,Hinrich_Lohse
Erich_Koch,Gregor_Strasser
Erich_Koch,Richard_Walther_Darré
Erich_Koch,Alfred_Rosenberg
Erich_Koch,Fritz_Sauckel
Karl-Otto_Koch,Max_Koegel
Max_Koegel,Karl-Otto_Koch
Karl_Koller_(general),Hermann_Göring
Karl_Koller_(general),Adolf_Hitler
Karl_Koller_(general),Robert_Ritter_von_Greim
Karl_Koller_(general),Felix_Steiner
Karl_Koller_(general),Alfred_Jodl
Karl_Koller_(general),Martin_Bormann
Karl_Koller_(general),Hans_Lammers
Paul_Körner_(Nazi_official),Hermann_Göring
Paul_Körner_(Nazi_official),Albert_Speer
Günther_Korten,Adolf_Hitler
Josef_Kramer,Rudolf_Höss
Josef_Kramer,August_Hirt
Josef_Kramer,Irma_Grese
Hans_Krebs_(Wehrmacht_general),Adolf_Hitler
Hans_Krebs_(Wehrmacht_general),Wilhelm_Keitel
Hans_Krebs_(Wehrmacht_general),Heinrich_Himmler
Hans_Krebs_(Wehrmacht_general),Hermann_Fegelein
Hans_Krebs_(Wehrmacht_general),Wilhelm_Mohnke
Hans_Krebs_(Wehrmacht_general),Johann_Rattenhuber
Hans_Krebs_(Wehrmacht_general),Wilhelm_Burgdorf
Hans_Krebs_(Wehrmacht_general),Martin_Bormann
Hans_Krebs_(Wehrmacht_general),Alfred_Jodl
Friedrich-Wilhelm_Krüger,Kurt_Daluege
Friedrich-Wilhelm_Krüger,Ernst_Röhm
Friedrich-Wilhelm_Krüger,Adolf_Hitler
Friedrich-Wilhelm_Krüger,Heinrich_Himmler
Friedrich-Wilhelm_Krüger,Hans_Frank
Gustav_Krupp_von_Bohlen_und_Halbach,Alfried_Krupp_von_Bohlen_und_Halbach
Alfried_Krupp_von_Bohlen_und_Halbach,Adolf_Hitler
Alfried_Krupp_von_Bohlen_und_Halbach,Gustav_Krupp_von_Bohlen_und_Halbach
Wilhelm_Kube,Emil_Stürtz
Wilhelm_Kube,Walter_Buch
Wilhelm_Kube,Martin_Bormann
Wilhelm_Kube,Reinhard_Heydrich
Wilhelm_Kube,Heinrich_Himmler
Wilhelm_Kube,Eduard_Strauch
Wilhelm_Kube,Hinrich_Lohse
Franz_Kutschera,Jürgen_Stroop
Franz_Kutschera,Friedrich_Rainer
Franz_Kutschera,August_Eigruber
Franz_Kutschera,Franz_Ziereis
Franz_Kutschera,Karl_Wolff
Franz_Kutschera,Josef_Bürckel
Franz_Kutschera,Erich_von_dem_Bach-Zelewski
Hans_Lammers,Adolf_Hitler
Hans_Lammers,Wilhelm_Frick
Hans_Lammers,Martin_Bormann
Hans_Lammers,Wilhelm_Keitel
Hans_Lammers,Albert_Speer
Hans_Lammers,Hermann_Göring
Hans_Lammers,Heinrich_Himmler
Hans_Lammers,Reinhard_Heydrich
Herbert_Lange,Wilhelm_Rediess
Herbert_Lange,Hans_Bothmann
Herbert_Lange,Arthur_Nebe
Herbert_Lange,Arthur_Greiser
Hartmann_Lauterbacher,Baldur_von_Schirach
Hartmann_Lauterbacher,Viktor_Lutze
Hartmann_Lauterbacher,Bernhard_Rust
Hartmann_Lauterbacher,Artur_Axmann
Hartmann_Lauterbacher,Adolf_Hitler
Hartmann_Lauterbacher,Adolf_Eichmann
Robert_Ley,Adolf_Hitler
Robert_Ley,Gregor_Strasser
Robert_Ley,Franz_Xaver_Schwarz
Robert_Ley,Karl_Freiherr_Michel_von_Tüßling
Robert_Ley,Fritz_Todt
Robert_Ley,Albert_Speer
Robert_Ley,Fritz_Sauckel
Robert_Ley,Martin_Bormann
Robert_Ley,Wilhelm_Keitel
Arthur_Liebehenschel,Rudolf_Höss
Arthur_Liebehenschel,Martin_Gottfried_Weiss
Arthur_Liebehenschel,Odilo_Globocnik
Julius_Lippert,Adolf_Hitler
Julius_Lippert,Albert_Speer
Wilhelm_Friedrich_Loeper,Joachim_Albrecht_Eggeling
Wilhelm_Friedrich_Loeper,Fritz_Sauckel
Wilhelm_Friedrich_Loeper,Dietrich_Klagges
Wilhelm_Friedrich_Loeper,Adolf_Hitler
Wilhelm_Friedrich_Loeper,Gregor_Strasser
Hinrich_Lohse,Adolf_Hitler
Hinrich_Lohse,Erich_Koch
Hinrich_Lohse,Karl_Kaufmann
Hinrich_Lohse,Gregor_Strasser
Hinrich_Lohse,Alfred_Rosenberg
Hinrich_Lohse,Franz_Walter_Stahlecker
Hinrich_Lohse,Friedrich_Jeckeln
Hinrich_Lohse,Hans-Adolf_Prützmann
Werner_Lorenz,Adolf_Hitler
Werner_Lorenz,Rudolf_Hess
Werner_Lorenz,Heinrich_Himmler
Martin_Luther_(diplomat),Joachim_von_Ribbentrop
Martin_Luther_(diplomat),Konstantin_von_Neurath
Martin_Luther_(diplomat),Heinrich_Himmler
Martin_Luther_(diplomat),Reinhard_Heydrich
Viktor_Lutze,Ernst_Röhm
Viktor_Lutze,Franz_Pfeffer_von_Salomon
Viktor_Lutze,Adolf_Hitler
Viktor_Lutze,Heinrich_Himmler
Viktor_Lutze,Reinhard_Heydrich
Viktor_Lutze,Leni_Riefenstahl
Viktor_Lutze,Wilhelm_Schepmann
Willy_Marschler,Fritz_Sauckel
Willy_Marschler,Wilhelm_Frick
Emil_Maurice,Hans_Ulrich_Klintzsch
Emil_Maurice,Adolf_Hitler
Emil_Maurice,Julius_Schreck
Emil_Maurice,Joseph_Berchtold
Emil_Maurice,Erhard_Heiden
Emil_Maurice,Rudolf_Hess
Emil_Maurice,Heinrich_Himmler
Otto_Meissner,Adolf_Hitler
Otto_Meissner,Hans_Lammers
Otto_Meissner,Franz_Schlegelberger
Otto_Meissner,Franz_von_Papen
Otto_Meissner,Joachim_von_Ribbentrop
Josef_Mengele,Eduard_Wirths
Josef_Mengele,Rudolf_Höss
Josef_Mengele,Adolf_Eichmann
Josef_Mengele,Carl_Clauberg
Christian_Mergenthaler,Wilhelm_Murr
Christian_Mergenthaler,Adolf_Hitler
Alfred_Meyer,Alfred_Rosenberg
Alfred_Meyer,Hans-Joachim_Riecke
Alfred_Meyer,Josef_Terboven
Kurt_Meyer,Adolf_Hitler
Kurt_Meyer,Paul_Hausser
Kurt_Meyer,Felix_Steiner
Kurt_Meyer,Herbert_Gille
Karl_Freiherr_Michel_von_Tüßling,Philipp_Bouhler
Karl_Freiherr_Michel_von_Tüßling,Robert_Ley
Karl_Freiherr_Michel_von_Tüßling,Adolf_Hitler
Karl_Freiherr_Michel_von_Tüßling,Viktor_Brack
Karl_Freiherr_Michel_von_Tüßling,Heinrich_Himmler
Karl_Freiherr_Michel_von_Tüßling,Odilo_Globocnik
Karl_Freiherr_Michel_von_Tüßling,Martin_Bormann
Karl_Freiherr_Michel_von_Tüßling,Albert_Speer
Karl_Freiherr_Michel_von_Tüßling,Alfried_Krupp_von_Bohlen_und_Halbach
Erhard_Milch,Hermann_Göring
Erhard_Milch,Albert_Speer
Erhard_Milch,Heinrich_Himmler
Erhard_Milch,Adolf_Hitler
Leopold_von_Mildenstein,Adolf_Eichmann
Leopold_von_Mildenstein,Adolf_Hitler
Leopold_von_Mildenstein,Reinhard_Heydrich
Walter_Model,Heinrich_Himmler
Walter_Model,Hermann_Fegelein
Walter_Model,Ferdinand_Schörner
Wilhelm_Mohnke,Adolf_Hitler
Wilhelm_Mohnke,Joachim_Peiper
Wilhelm_Mohnke,Hermann_Fegelein
Wilhelm_Mohnke,Heinrich_Himmler
Wilhelm_Mohnke,Wilhelm_Burgdorf
Wilhelm_Mohnke,Johann_Rattenhuber
Wilhelm_Mohnke,Walther_Hewel
Hermann_Muhs,Hanns_Kerrl
Hermann_Muhs,Bernhard_Rust
Hermann_Muhs,Heinrich_Himmler
Robert_Mulka,Rudolf_Höss
Heinrich_Müller_(Gestapo),Heinrich_Himmler
Heinrich_Müller_(Gestapo),Reinhard_Heydrich
Heinrich_Müller_(Gestapo),Werner_Best
Heinrich_Müller_(Gestapo),Franz_Josef_Huber
Heinrich_Müller_(Gestapo),Walter_Schellenberg
Heinrich_Müller_(Gestapo),Rudolf_Höss
Heinrich_Müller_(Gestapo),Hermann_Göring
Heinrich_Müller_(Gestapo),Adolf_Eichmann
Heinrich_Müller_(Gestapo),Arthur_Nebe
Heinrich_Müller_(Gestapo),Ernst_Kaltenbrunner
Heinrich_Müller_(Gestapo),Martin_Bormann
Heinrich_Müller_(Gestapo),Adolf_Hitler
Heinrich_Müller_(Gestapo),Hermann_Fegelein
Ludwig_Müller,Adolf_Hitler
Ludwig_Müller,Werner_von_Blomberg
Eugen_Munder,Adolf_Hitler
Eugen_Munder,Wilhelm_Murr
Eugen_Munder,Christian_Mergenthaler
Wilhelm_Murr,Adolf_Hitler
Wilhelm_Murr,Eugen_Munder
Wilhelm_Murr,Christian_Mergenthaler
Wilhelm_Murr,Richard_Drauz
Martin_Mutschmann,Adolf_Hitler
Martin_Mutschmann,Gregor_Strasser
Martin_Mutschmann,Jakob_Sprenger
Alfred_Naujocks,Reinhard_Heydrich
Alfred_Naujocks,Walter_Schellenberg
Alfred_Naujocks,Otto_Skorzeny
Werner_Naumann,Adolf_Hitler
Werner_Naumann,Heinrich_Himmler
Werner_Naumann,Karl_Dönitz
Werner_Naumann,Martin_Bormann
Werner_Naumann,Artur_Axmann
Werner_Naumann,Otto_Skorzeny
Arthur_Nebe,Adolf_Hitler
Arthur_Nebe,Kurt_Daluege
Arthur_Nebe,Heinrich_Himmler
Arthur_Nebe,Reinhard_Heydrich
Arthur_Nebe,Christian_Wirth
Arthur_Nebe,Adolf_Eichmann
Arthur_Nebe,Erich_von_dem_Bach-Zelewski
Arthur_Nebe,Hermann_Fegelein
Arthur_Nebe,Ernst_Kaltenbrunner
Konstantin_von_Neurath,Adolf_Hitler
Konstantin_von_Neurath,Franz_von_Papen
Konstantin_von_Neurath,Joachim_von_Ribbentrop
Konstantin_von_Neurath,Reinhard_Heydrich
Konstantin_von_Neurath,Wilhelm_Frick
Konstantin_von_Neurath,Werner_von_Blomberg
Konstantin_von_Neurath,Werner_von_Fritsch
Konstantin_von_Neurath,Hermann_Göring
Konstantin_von_Neurath,Karl_Hermann_Frank
Konstantin_von_Neurath,Kurt_Daluege
Hans_Nieland,Gregor_Strasser
Hans_Nieland,Wilhelm_Frick
Herta_Oberheuser,Karl_Gebhardt
Herta_Oberheuser,Heinrich_Himmler
Otto_Ohlendorf,Helmut_Knochen
Otto_Ohlendorf,Franz_Six
Otto_Ohlendorf,Heinrich_Himmler
Otto_Ohlendorf,Reinhard_Heydrich
Otto_Ohlendorf,Arthur_Nebe
Otto_Ohlendorf,Paul_Blobel
Otto_Ohlendorf,Karl_Dönitz
Franz_von_Papen,Adolf_Hitler
Franz_von_Papen,Hermann_Göring
Franz_von_Papen,Joachim_von_Ribbentrop
Franz_von_Papen,Wilhelm_Frick
Franz_von_Papen,Otto_Meissner
Franz_von_Papen,Ernst_Röhm
Franz_von_Papen,Konstantin_von_Neurath
Joachim_Peiper,Heinrich_Himmler
Joachim_Peiper,Paul_Hausser
Joachim_Peiper,Matthias_Kleinheisterkamp
Joachim_Peiper,Karl_Wolff
Joachim_Peiper,Reinhard_Heydrich
Joachim_Peiper,Ludolf_von_Alvensleben
Joachim_Peiper,Friedrich-Wilhelm_Krüger
Joachim_Peiper,Odilo_Globocnik
Joachim_Peiper,Wilhelm_Rediess
Joachim_Peiper,Otto_Rasch
Joachim_Peiper,Kurt_Daluege
Joachim_Peiper,Erich_von_dem_Bach-Zelewski
Joachim_Peiper,Sepp_Dietrich
Joachim_Peiper,Wilhelm_Mohnke
Joachim_Peiper,Kurt_Meyer
"Philipp,_Landgrave_of_Hesse",Adolf_Hitler
"Philipp,_Landgrave_of_Hesse",Hermann_Göring
"Philipp,_Landgrave_of_Hesse",Hjalmar_Schacht
"Philipp,_Landgrave_of_Hesse",Karl_Wolff
Artur_Phleps,Gottlob_Berger
Artur_Phleps,Ion_Antonescu
Artur_Phleps,Heinrich_Himmler
Artur_Phleps,Wilhelm_Keitel
Artur_Phleps,Adolf_Hitler
Paul_Pleiger,Hermann_Göring
Paul_Pleiger,Fritz_Sauckel
Paul_Pleiger,Karl_Brandt
Paul_Pleiger,Adolf_Eichmann
Oswald_Pohl,Heinrich_Himmler
Oswald_Pohl,Theodor_Eicke
Oswald_Pohl,Reinhard_Heydrich
Oswald_Pohl,Albert_Speer
Franz_Pfeffer_von_Salomon,Adolf_Hitler
Franz_Pfeffer_von_Salomon,Hermann_Göring
Franz_Pfeffer_von_Salomon,Karl_Kaufmann
Franz_Pfeffer_von_Salomon,Ernst_Röhm
Franz_Pfeffer_von_Salomon,Rudolf_Hess
Erich_Priebke,Adolf_Hitler
Hans-Adolf_Prützmann,Hinrich_Lohse
Hans-Adolf_Prützmann,Alfred_Rosenberg
Hans-Adolf_Prützmann,Heinrich_Himmler
Hans-Adolf_Prützmann,Friedrich_Jeckeln
Hans-Adolf_Prützmann,Richard_Glücks
Erich_Raeder,Karl_Dönitz
Erich_Raeder,Wilhelm_Keitel
Erich_Raeder,Walther_von_Brauchitsch
Erich_Raeder,Albert_Speer
Rudolf_Rahn,Adolf_Hitler
Rudolf_Rahn,Otto_Skorzeny
Rudolf_Rahn,Ernst_von_Weizsäcker
Rudolf_Rahn,Franz_von_Papen
Rudolf_Rahn,Karl_Dönitz
Rudolf_Rahn,Ferdinand_Schörner
Rudolf_Rahn,Sepp_Dietrich
Rudolf_Rahn,Joachim_Peiper
Friedrich_Rainer,Gustav_Adolf_Scheel
Friedrich_Rainer,Franz_Kutschera
Friedrich_Rainer,Odilo_Globocnik
Friedrich_Rainer,Adolf_Hitler
Friedrich_Rainer,Josef_Bürckel
Friedrich_Rainer,Arthur_Seyss-Inquart
Sigmund_Rascher,Heinrich_Himmler
Johann_Rattenhuber,Adolf_Hitler
Johann_Rattenhuber,Peter_Högl
Johann_Rattenhuber,Heinrich_Himmler
Johann_Rattenhuber,Hermann_Fegelein
Johann_Rattenhuber,Wilhelm_Mohnke
Johann_Rattenhuber,Wilhelm_Burgdorf
Johann_Rattenhuber,Werner_Naumann
Walter_Rauff,Reinhard_Heydrich
Walter_Rauff,Heinrich_Himmler
Hermann_Rauschning,Arthur_Greiser
Hermann_Rauschning,Adolf_Hitler
Hermann_Rauschning,Albert_Forster
Wilhelm_Rediess,Josef_Terboven
Walter_von_Reichenau,Ernst_Röhm
Walter_von_Reichenau,Werner_von_Fritsch
Walter_von_Reichenau,Konstantin_von_Neurath
Walter_von_Reichenau,Wilhelm_Keitel
Walter_von_Reichenau,Adolf_Hitler
Hans-Joachim_Riecke,Adolf_Hitler
Hans-Joachim_Riecke,Herbert_Backe
Hans-Joachim_Riecke,Alfred_Meyer
Hans-Joachim_Riecke,Karl_Dönitz
Hans-Joachim_Riecke,Alfred_Rosenberg
Hans-Joachim_Riecke,Richard_Walther_Darré
Fritz_Reinhardt,Lutz_Graf_Schwerin_von_Krosigk
Fritz_Reinhardt,Adolf_Wagner
Fritz_Reinhardt,Karl_Wahl
Fritz_Reinhardt,Rudolf_Hess
Fritz_Reinhardt,Adolf_Hitler
Fritz_Reinhardt,Reinhard_Heydrich
Joachim_von_Ribbentrop,Adolf_Hitler
Joachim_von_Ribbentrop,Konstantin_von_Neurath
Joachim_von_Ribbentrop,Arthur_Seyss-Inquart
Joachim_von_Ribbentrop,Franz_von_Papen
Joachim_von_Ribbentrop,Wolf-Heinrich_Graf_von_Helldorff
Joachim_von_Ribbentrop,Otto_Meissner
Joachim_von_Ribbentrop,Hermann_Göring
Joachim_von_Ribbentrop,Wilhelm_Frick
Joachim_von_Ribbentrop,Alfred_Rosenberg
Joachim_von_Ribbentrop,Werner_von_Blomberg
Joachim_von_Ribbentrop,Ernst_von_Weizsäcker
Joachim_von_Ribbentrop,Jozef_Tiso
Joachim_von_Ribbentrop,Ion_Antonescu
Joachim_von_Ribbentrop,Siegfried_Kasche
Joachim_von_Ribbentrop,Ante_Pavelić
Joachim_von_Ribbentrop,Edmund_Veesenmayer
Joachim_von_Ribbentrop,Karl_Dönitz
Joachim_von_Ribbentrop,Walther_Hewel
Leni_Riefenstahl,Adolf_Hitler
Leni_Riefenstahl,Ernst_Röhm
Ernst_Röhm,Adolf_Hitler
Ernst_Röhm,Otto_Wagener
Ernst_Röhm,Viktor_Lutze
Ernst_Röhm,Hermann_Göring
Ernst_Röhm,Gregor_Strasser
Ernst_Röhm,Edmund_Heines
Ernst_Röhm,Kurt_Daluege
Ernst_Röhm,Heinrich_Himmler
Ernst_Röhm,Werner_von_Blomberg
Ernst_Röhm,Reinhard_Heydrich
Ernst_Röhm,Werner_von_Fritsch
Ernst_Röhm,Sepp_Dietrich
Ernst_Röhm,Theodor_Eicke
Ernst_Röhm,Franz_von_Papen
Alfred_Rosenberg,Adolf_Hitler
Alfred_Rosenberg,Dietrich_Eckart
Alfred_Rosenberg,Hermann_Göring
Alfred_Rosenberg,Konstantin_von_Neurath
Alfred_Rosenberg,Joachim_von_Ribbentrop
Alfred_Rosenberg,Wilhelm_Keitel
Alfred_Rosenberg,Alfred_Meyer
Alfred_Rosenberg,Hinrich_Lohse
Alfred_Rosenberg,Erich_Koch
Alfred_Rosenberg,Hans_Frank
Alfred_Rosenberg,Alfred_Jodl
Alfred_Rosenberg,Martin_Bormann
Alfred_Rosenberg,Heinrich_Himmler
Alfred_Rosenberg,Ernst_Boepple
Erwin_Rösener,Heinrich_Himmler
Carl_Röver,Adolf_Hitler
Carl_Röver,Hermann_Göring
Carl_Röver,Martin_Bormann
Carl_Röver,Alfred_Rosenberg
Ernst_Rüdin,Wilhelm_Frick
Ernst_Rüdin,Adolf_Hitler
Ernst_Rüdin,Karl_Brandt
Ernst_Rüdin,Josef_Mengele
Ernst_Rüdin,Werner_Heyde
Bernhard_Rust,Adolf_Hitler
Bernhard_Rust,Gustav_Adolf_Scheel
Bernhard_Rust,Hartmann_Lauterbacher
Bernhard_Rust,Gregor_Strasser
Fritz_Sauckel,Adolf_Hitler
Fritz_Sauckel,Willy_Marschler
Fritz_Sauckel,Wilhelm_Friedrich_Loeper
Fritz_Sauckel,Dietrich_Klagges
Fritz_Sauckel,Wilhelm_Frick
Fritz_Sauckel,Heinrich_Himmler
Fritz_Sauckel,Martin_Bormann
Fritz_Sauckel,Hermann_Göring
Fritz_Sauckel,Albert_Speer
Fritz_Sauckel,Alfred_Rosenberg
Karl_Saur,Fritz_Todt
Karl_Saur,Albert_Speer
Karl_Saur,Adolf_Hitler
Karl_Saur,Karl_Dönitz
Hjalmar_Schacht,Adolf_Hitler
Hjalmar_Schacht,Kurt_Schmitt
Hjalmar_Schacht,Hermann_Göring
Hjalmar_Schacht,Walther_Funk
Hjalmar_Schacht,Julius_Streicher
Gustav_Adolf_Scheel,Friedrich_Rainer
Gustav_Adolf_Scheel,Erich_Ehrlinger
Gustav_Adolf_Scheel,Adolf_Hitler
Gustav_Adolf_Scheel,Werner_Best
Gustav_Adolf_Scheel,Werner_Naumann
Walter_Schellenberg,Reinhard_Heydrich
Walter_Schellenberg,Heinrich_Himmler
Walter_Schellenberg,Rudolf_Hess
Walter_Schellenberg,Joachim_von_Ribbentrop
Walter_Schellenberg,Heinz_Jost
Walter_Schellenberg,Werner_Best
Walter_Schellenberg,Ernst_Kaltenbrunner
Hans_Schemm,Adolf_Hitler
Hans_Schemm,Franz_Ritter_von_Epp
Hans_Schemm,Ludwig_Siebert
Hans_Schemm,Adolf_Wagner
Hans_Schemm,Julius_Streicher
Wilhelm_Schepmann,Adolf_Hitler
Wilhelm_Schepmann,Viktor_Lutze
Max_Erwin_von_Scheubner-Richter,Adolf_Hitler
Max_Erwin_von_Scheubner-Richter,Alfred_Rosenberg
Max_Erwin_von_Scheubner-Richter,Dietrich_Eckart
Baldur_von_Schirach,Hartmann_Lauterbacher
Baldur_von_Schirach,Artur_Axmann
Baldur_von_Schirach,Josef_Bürckel
Baldur_von_Schirach,Philipp_Bouhler
Baldur_von_Schirach,Adolf_Hitler
Baldur_von_Schirach,Gregor_Strasser
Baldur_von_Schirach,Leni_Riefenstahl
Baldur_von_Schirach,Albert_Speer
Baldur_von_Schirach,Hans_Frank
Franz_Schlegelberger,Adolf_Hitler
Franz_Schlegelberger,Franz_Gürtner
Franz_Schlegelberger,Otto_Georg_Thierack
Fritz_Schlessmann,Josef_Terboven
Fritz_Schlessmann,Heinrich_Himmler
Carl_Schmitt,Adolf_Hitler
Carl_Schmitt,Franz_von_Papen
Carl_Schmitt,Hermann_Göring
Carl_Schmitt,Werner_Best
Kurt_Schmitt,Adolf_Hitler
Kurt_Schmitt,Hjalmar_Schacht
Kurt_Schmitt,Hermann_Göring
Kurt_Schmitt,Franz_von_Papen
Kurt_Schmitt,Heinrich_Himmler
Paul_Schmitthenner,Adolf_Hitler
Gertrud_Scholtz-Klink,August_Heissmeyer
Gertrud_Scholtz-Klink,Heinrich_Himmler
Gertrud_Scholtz-Klink,Rudolf_Hess
Gertrud_Scholtz-Klink,Baldur_von_Schirach
Gertrud_Scholtz-Klink,Artur_Axmann
Gertrud_Scholtz-Klink,Adolf_Hitler
Ferdinand_Schörner,Adolf_Hitler
Ferdinand_Schörner,Alfred_Jodl
Ferdinand_Schörner,Karl_Dönitz
Julius_Schreck,Adolf_Hitler
Julius_Schreck,Joseph_Berchtold
Julius_Schreck,Emil_Maurice
Julius_Schreck,Erhard_Heiden
Julius_Schreck,Heinrich_Himmler
Franz_Xaver_Schwarz,Hermann_Göring
Franz_Xaver_Schwarz,Robert_Ley
Heinrich_Schwarz,Richard_Baer
Franz_Schwede,Adolf_Hitler
Lutz_Graf_Schwerin_von_Krosigk,Karl_Dönitz
Lutz_Graf_Schwerin_von_Krosigk,Arthur_Seyss-Inquart
Lutz_Graf_Schwerin_von_Krosigk,Adolf_Hitler
Lutz_Graf_Schwerin_von_Krosigk,Franz_von_Papen
Lutz_Graf_Schwerin_von_Krosigk,Wilhelm_Frick
Lutz_Graf_Schwerin_von_Krosigk,Konstantin_von_Neurath
Lutz_Graf_Schwerin_von_Krosigk,Franz_Seldte
Lutz_Graf_Schwerin_von_Krosigk,Hermann_Göring
Lutz_Graf_Schwerin_von_Krosigk,Albert_Speer
Siegfried_Seidl,Adolf_Eichmann
Siegfried_Seidl,Anton_Burger
Franz_Seldte,Adolf_Hitler
Franz_Seldte,Karl_Dönitz
Franz_Seldte,Lutz_Graf_Schwerin_von_Krosigk
Franz_Seldte,Friedrich_Syrup
Franz_Seldte,Franz_von_Papen
Franz_Seldte,Ernst_Röhm
Franz_Seldte,Konstantin_Hierl
Franz_Seldte,Hermann_Göring
Arthur_Seyss-Inquart,Adolf_Hitler
Arthur_Seyss-Inquart,Josef_Bürckel
Arthur_Seyss-Inquart,Josef_Bühler
Arthur_Seyss-Inquart,Joachim_von_Ribbentrop
Arthur_Seyss-Inquart,Lutz_Graf_Schwerin_von_Krosigk
Arthur_Seyss-Inquart,Hans_Frank
Arthur_Seyss-Inquart,Heinrich_Himmler
Arthur_Seyss-Inquart,Ernst_Kaltenbrunner
Arthur_Seyss-Inquart,Hanns_Albin_Rauter
Arthur_Seyss-Inquart,Albert_Speer
Arthur_Seyss-Inquart,Karl_Dönitz
Arthur_Seyss-Inquart,Hjalmar_Schacht
Ludwig_Siebert,Franz_Ritter_von_Epp
Ludwig_Siebert,Adolf_Hitler
Ludwig_Siebert,Julius_Streicher
Gustav_Simon,Adolf_Hitler
Franz_Six,Reinhard_Heydrich
Franz_Six,Walter_Schellenberg
Franz_Six,Heinrich_Himmler
Franz_Six,Adolf_Eichmann
Otto_Skorzeny,Ernst_Kaltenbrunner
Otto_Skorzeny,Walter_Schellenberg
Otto_Skorzeny,Heinrich_Himmler
Otto_Skorzeny,Hjalmar_Schacht
Otto_Skorzeny,Hartmann_Lauterbacher
Albert_Speer,Adolf_Hitler
Albert_Speer,Fritz_Todt
Albert_Speer,Karl_Saur
Albert_Speer,Karl_Dönitz
Albert_Speer,Lutz_Graf_Schwerin_von_Krosigk
Albert_Speer,Franz_Xaver_Dorsch
Albert_Speer,Karl_Hanke
Albert_Speer,Rudolf_Hess
Albert_Speer,Leni_Riefenstahl
Albert_Speer,Hermann_Göring
Albert_Speer,Fritz_Sauckel
Albert_Speer,Karl_Gebhardt
Albert_Speer,Erhard_Milch
Albert_Speer,Alfred_Jodl
Albert_Speer,Heinrich_Himmler
Jakob_Sprenger,Gregor_Strasser
Jakob_Sprenger,Martin_Mutschmann
Franz_Stangl,Viktor_Brack
Franz_Stangl,Heinrich_Himmler
Franz_Stangl,Christian_Wirth
Franz_Stangl,Franz_Reichleitner
Franz_Stangl,Irmfried_Eberl
Franz_Stangl,Karl_Frenzel
Franz_Stangl,Kurt_Franz
Johannes_Stark,Adolf_Hitler
Otto_Steinbrinck,Walter_Model
Felix_Steiner,Paul_Hausser
Felix_Steiner,Heinrich_Himmler
Felix_Steiner,Adolf_Hitler
Felix_Steiner,Herbert_Gille
Felix_Steiner,Kurt_Meyer
Walter_Stennes,Adolf_Hitler
Walter_Stennes,Hermann_Göring
Walter_Stennes,Kurt_Daluege
Walter_Stennes,Franz_Pfeffer_von_Salomon
Walter_Stennes,Otto_Wagener
Walter_Stennes,Ernst_Röhm
Willi_Stöhr,Jakob_Sprenger
Willi_Stöhr,Josef_Bürckel
Willi_Stöhr,Albert_Speer
Gregor_Strasser,Adolf_Hitler
Gregor_Strasser,Robert_Ley
Gregor_Strasser,Adolf_Wagner
Gregor_Strasser,Franz_Ritter_von_Epp
Gregor_Strasser,Heinrich_Himmler
Gregor_Strasser,Franz_Pfeffer_von_Salomon
Gregor_Strasser,Franz_von_Papen
Gregor_Strasser,Hermann_Göring
Gregor_Strasser,Ernst_Röhm
Gregor_Strasser,Reinhard_Heydrich
Otto_Strasser,Gregor_Strasser
Otto_Strasser,Julius_Streicher
Julius_Streicher,Adolf_Hitler
Julius_Streicher,Hans_Zimmermann
Julius_Streicher,Rudolf_Hess
Julius_Streicher,Dietrich_Eckart
Julius_Streicher,Hermann_Göring
Julius_Streicher,Hans_Fritzsche
Karl_Strölin,Wilhelm_Murr
Karl_Strölin,Adolf_Hitler
Jürgen_Stroop,Alfred_Rosenberg
Jürgen_Stroop,Heinrich_Himmler
Jürgen_Stroop,Ferdinand_von_Sammern-Frankenegg
Jürgen_Stroop,Friedrich-Wilhelm_Krüger
Jürgen_Stroop,Roland_Freisler
Jürgen_Stroop,Wilhelm_Burgdorf
Wilhelm_Stuckart,Karl_Dönitz
Wilhelm_Stuckart,Lutz_Graf_Schwerin_von_Krosigk
Wilhelm_Stuckart,Adolf_Hitler
Wilhelm_Stuckart,Hermann_Göring
Wilhelm_Stuckart,Bernhard_Rust
Wilhelm_Stuckart,Heinrich_Himmler
Wilhelm_Stuckart,Wilhelm_Frick
Wilhelm_Stuckart,Reinhard_Heydrich
Otto_von_Stülpnagel,Walther_von_Brauchitsch
Otto_von_Stülpnagel,Wilhelm_Keitel
Emil_Stürtz,Wilhelm_Kube
Emil_Stürtz,Fritz_Bracht
Friedrich_Syrup,Franz_Seldte
Friedrich_Syrup,Adolf_Hitler
Friedrich_Syrup,Hermann_Göring
Friedrich_Syrup,Fritz_Sauckel
Otto_Telschow,Adolf_Hitler
Otto_Telschow,Gregor_Strasser
Otto_Telschow,Walter_Buch
Otto_Telschow,Martin_Bormann
Josef_Terboven,Adolf_Hitler
Josef_Terboven,Wilhelm_Rediess
Josef_Terboven,Fritz_Schlessmann
Josef_Terboven,Karl_Dönitz
Otto_Georg_Thierack,Adolf_Hitler
Otto_Georg_Thierack,Franz_Schlegelberger
Otto_Georg_Thierack,Roland_Freisler
Otto_Georg_Thierack,Heinrich_Himmler
Otto_Georg_Thierack,Karl_Dönitz
Fritz_Todt,Adolf_Hitler
Fritz_Todt,Albert_Speer
Fritz_Todt,Ernst_Röhm
Fritz_Todt,Heinrich_Himmler
Fritz_Todt,Philipp_Bouhler
Fritz_Todt,Reinhard_Heydrich
Fritz_Todt,Hermann_Göring
Fritz_Todt,Robert_Ley
Hans_von_Tschammer_und_Osten,Adolf_Hitler
Siegfried_Uiberreither,Adolf_Hitler
Otto_Wagener,Franz_Pfeffer_von_Salomon
Otto_Wagener,Ernst_Röhm
Otto_Wagener,Adolf_Hitler
Adolf_Wagner,Adolf_Hitler
Adolf_Wagner,Franz_Ritter_von_Epp
Gerhard_Wagner_(physician),Leonardo_Conti
Gerhard_Wagner_(physician),Rudolf_Hess
Josef_Wagner_(Gauleiter),Adolf_Hitler
Josef_Wagner_(Gauleiter),Werner_Lorenz
Josef_Wagner_(Gauleiter),Helmuth_Brückner
Josef_Wagner_(Gauleiter),Hermann_Göring
Josef_Wagner_(Gauleiter),Heinrich_Himmler
Josef_Wagner_(Gauleiter),Martin_Bormann
Josef_Wagner_(Gauleiter),Fritz_Bracht
Josef_Wagner_(Gauleiter),Karl_Hanke
Robert_Heinrich_Wagner,Robert_Ley
Karl_Wahl,Adolf_Hitler
Karl_Wahl,Adolf_Wagner
Karl_Wahl,Heinrich_Himmler
Paul_Wegener_(Gauleiter),Carl_Röver
Paul_Wegener_(Gauleiter),Martin_Bormann
Paul_Wegener_(Gauleiter),Wilhelm_Kube
Paul_Wegener_(Gauleiter),Walter_Buch
Paul_Wegener_(Gauleiter),Emil_Stürtz
Paul_Wegener_(Gauleiter),Josef_Terboven
Paul_Wegener_(Gauleiter),Baldur_von_Schirach
Paul_Wegener_(Gauleiter),Werner_Naumann
Paul_Wegener_(Gauleiter),Karl_Dönitz
Paul_Wegener_(Gauleiter),Adolf_Hitler
Karl_Weinrich,Karl_Gerland
Karl_Weinrich,Fritz_Sauckel
Ernst_von_Weizsäcker,Joachim_von_Ribbentrop
Ernst_von_Weizsäcker,Karl_Wolff
Wilhelm_Weiss,Adolf_Hitler
Wilhelm_Weiss,Alfred_Meyer
Wilhelm_Weiss,Alfred_Rosenberg
Horst_Wessel,Adolf_Hitler
Horst_Wessel,Rudolf_Diels
Horst_Wessel,Alfred_Rosenberg
Horst_Wessel,Franz_Pfeffer_von_Salomon
Horst_Wessel,Hermann_Göring
Horst_Wessel,Rudolf_Hess
Horst_Wessel,Ernst_Röhm
Max_Winkler,Adolf_Hitler
Christian_Wirth,Irmfried_Eberl
Christian_Wirth,Franz_Stangl
Christian_Wirth,Odilo_Globocnik
Christian_Wirth,Gottlieb_Hering
Herman_Wirth,Heinrich_Himmler
Herman_Wirth,Adolf_Hitler
Herman_Wirth,Richard_Walther_Darré
Eduard_Wirths,Josef_Mengele
Eduard_Wirths,Horst_Schumann
Eduard_Wirths,Carl_Clauberg
Eduard_Wirths,Rudolf_Höss
Eduard_Wirths,Adolf_Eichmann
Karl_Wolff,Heinrich_Himmler
Karl_Wolff,Adolf_Hitler
Karl_Wolff,Reinhard_Heydrich
Karl_Wolff,Hermann_Esser
Karl_Wolff,Franz_Ritter_von_Epp
Karl_Wolff,Odilo_Globocnik
Karl_Wolff,Arthur_Nebe
Karl_Wolff,Ernst_Kaltenbrunner
Karl_Wolff,Walter_Schellenberg
Karl_Wolff,Hermann_Fegelein
Karl_Wolff,Wilhelm_Harster
Karl_Wolff,Karl_Dönitz
Karl_Wolff,Adolf_Eichmann
Karl_Wolff,Klaus_Barbie
Karl_Wolff,Walter_Rauff
Alfred_Wünnenberg,Heinrich_Himmler
Alfred_Wünnenberg,Kurt_Daluege
Adolf_Ziegler,Adolf_Hitler
Franz_Ziereis,Karl_Wolff
Franz_Ziereis,Theodor_Eicke
Hans_Zimmermann,Julius_Streicher
Theodor_Dannecker,Adolf_Eichmann
Ante_Pavelić,Adolf_Hitler
Ante_Pavelić,Edmund_Veesenmayer
Ante_Pavelić,Joachim_von_Ribbentrop
Ante_Pavelić,Siegfried_Kasche
Ante_Pavelić,Heinrich_Himmler
Erwin_Lambert,Kurt_Bolender
Rudolf_Höss,Rudolf_Hess
Rudolf_Höss,Adolf_Hitler
Rudolf_Höss,Martin_Bormann
Rudolf_Höss,Heinrich_Himmler
Rudolf_Höss,Theodor_Eicke
Rudolf_Höss,Richard_Glücks
Rudolf_Höss,Fritz_Bracht
Rudolf_Höss,Adolf_Eichmann
Rudolf_Höss,Josef_Mengele
Rudolf_Höss,Arthur_Liebehenschel
Rudolf_Höss,Ernst_Kaltenbrunner
Rudolf_Höss,Oswald_Pohl
Hans_Bothmann,Herbert_Lange
Hans_Bothmann,Theodor_Dannecker
Hans_Bothmann,Odilo_Globocnik
Hans_Bothmann,Richard_Glücks
Hans_Bothmann,Karl_Jäger
Hans_Bothmann,Robert_Ley
Kurt_Franz,Christian_Wirth
Kurt_Franz,Franz_Stangl
Kurt_Franz,Heinrich_Himmler
Franz_Reichleitner,Franz_Stangl
Franz_Reichleitner,Christian_Wirth
Franz_Reichleitner,Odilo_Globocnik
Franz_Reichleitner,Karl_Frenzel
Franz_Reichleitner,Heinrich_Himmler
Gottlieb_Hering,Christian_Wirth
Hanns_Albin_Rauter,Heinrich_Himmler
Hanns_Albin_Rauter,Arthur_Seyss-Inquart
Hanns_Albin_Rauter,Adolf_Hitler
Friedrich_Entress,Helmut_Vetter
Friedrich_Entress,Eduard_Wirths
Friedrich_Entress,Josef_Mengele
Helmut_Vetter,Heinrich_Himmler
Helmut_Vetter,Fritz_Klein
Georg_Norin,Josef_Mengele
Horst_Schumann,Viktor_Brack
Horst_Schumann,Josef_Mengele
Horst_Schumann,Carl_Clauberg
Horst_Schumann,Eduard_Wirths
Fritz_Klein,Josef_Kramer
Therese_Brandl,Maria_Mandl
Karl_Brandt,Adolf_Hitler
Karl_Brandt,Philipp_Bouhler
Karl_Brandt,Karl_Dönitz
Karl_Brandt,Martin_Bormann
Karl_Brandt,Albert_Speer
Karl_Brandt,Heinrich_Himmler
Fritz_Katzmann,Heinrich_Himmler
Wilhelm_Harster,Karl_Wolff
Karl_Frenzel,Erich_Bauer
Karl_Frenzel,Franz_Stangl
Erich_Bauer,Odilo_Globocnik
Gustav_Laabs,Paul_Blobel
Gustav_Laabs,Reinhard_Heydrich
Gustav_Laabs,Heinrich_Himmler
Kurt_Bolender,Franz_Stangl
Kurt_Bolender,Christian_Wirth
Kurt_Bolender,Erich_Bauer
Ferdinand_von_Sammern-Frankenegg,Jürgen_Stroop
Ferdinand_von_Sammern-Frankenegg,Heinrich_Himmler
Bruno_Streckenbach,Heinrich_Himmler
Bruno_Streckenbach,Reinhard_Heydrich
Bruno_Streckenbach,Werner_Best
Bruno_Streckenbach,Otto_Ohlendorf
Bruno_Streckenbach,Ernst_Kaltenbrunner
Bruno_Streckenbach,Hermann_Fegelein
Franz_Walter_Stahlecker,Heinz_Jost
Franz_Walter_Stahlecker,Adolf_Eichmann
Franz_Walter_Stahlecker,Reinhard_Heydrich
Franz_Walter_Stahlecker,Karl_Hermann_Frank
Heinz_Jost,Werner_Best
Heinz_Jost,Reinhard_Heydrich
Heinz_Jost,Walter_Schellenberg
Heinz_Jost,Franz_Walter_Stahlecker
Heinz_Jost,Friedrich_Jeckeln
Heinz_Jost,Alfred_Rosenberg
Heinz_Jost,Heinrich_Himmler
Humbert_Achamer-Pifrader,Franz_Walter_Stahlecker
Humbert_Achamer-Pifrader,Heinz_Jost
Friedrich_Panzinger,Franz_Josef_Huber
Friedrich_Panzinger,Humbert_Achamer-Pifrader
Friedrich_Panzinger,Adolf_Eichmann
Friedrich_Panzinger,Arthur_Nebe
Friedrich_Panzinger,Ernst_Kaltenbrunner
Eduard_Strauch,Franz_Walter_Stahlecker
Eduard_Strauch,Erich_von_dem_Bach-Zelewski
Eduard_Strauch,Otto_Ohlendorf
Eduard_Strauch,Paul_Blobel
Rudolf_Lange,Franz_Walter_Stahlecker
Rudolf_Lange,Reinhard_Heydrich
Rudolf_Lange,Eduard_Strauch
Rudolf_Lange,Hinrich_Lohse
Rudolf_Lange,Karl_Jäger
Rudolf_Lange,Erich_Ehrlinger
Rudolf_Lange,Heinrich_Himmler
Erich_Naumann,Adolf_Eichmann
Erich_Naumann,Oswald_Pohl
Erich_Ehrlinger,Franz_Walter_Stahlecker
Erich_Ehrlinger,Ernst_Kaltenbrunner
Erich_Ehrlinger,Bruno_Streckenbach
Erich_Ehrlinger,Heinrich_Himmler
Otto_Rasch,Reinhard_Heydrich
Otto_Rasch,Paul_Blobel
Otto_Rasch,Friedrich_Jeckeln
Werner_Braune,Otto_Ohlendorf
Werner_Braune,Erich_Naumann
Werner_Braune,Paul_Blobel
Werner_Braune,Oswald_Pohl
Joachim_Hamann,Karl_Jäger
Joachim_Hamann,Ernst_Kaltenbrunner
Maria_Mandl,Irma_Grese
Maria_Mandl,Elisabeth_Volkenrath
Maria_Mandl,Therese_Brandl
Johann_Schwarzhuber,Heinrich_Himmler
Irma_Grese,Josef_Kramer
Irma_Grese,Elisabeth_Volkenrath
Irma_Grese,Therese_Brandl
Irma_Grese,Maria_Mandl
Eduard_Roschmann,Rudolf_Lange
Eduard_Roschmann,Richard_Glücks
Edmund_Veesenmayer,Ernst_Kaltenbrunner
Edmund_Veesenmayer,Joachim_von_Ribbentrop
Edmund_Veesenmayer,Adolf_Eichmann
Edmund_Veesenmayer,Jozef_Tiso
Jozef_Tiso,Vojtech_Tuka
Jozef_Tiso,Arthur_Seyss-Inquart
Jozef_Tiso,Joachim_von_Ribbentrop
Jozef_Tiso,Karl_Hermann_Frank
Alexander_Mach,Vojtech_Tuka
Alexander_Mach,Jozef_Tiso
Vojtech_Tuka,Jozef_Tiso
Vojtech_Tuka,Adolf_Hitler
Vojtech_Tuka,Joachim_von_Ribbentrop
Vojtech_Tuka,Alexander_Mach
Ion_Antonescu,Adolf_Hitler
Ion_Antonescu,Heinrich_Himmler
Ion_Antonescu,Baldur_von_Schirach
Ion_Antonescu,Joachim_von_Ribbentrop
Ion_Antonescu,Wilhelm_Keitel
Ion_Antonescu,Hermann_Göring
Ion_Antonescu,Walther_Funk
Ion_Antonescu,Adolf_Eichmann
Martin_Gottfried_Weiss,Oswald_Pohl
Martin_Gottfried_Weiss,Heinrich_Himmler
Martin_Gottfried_Weiss,Arthur_Liebehenschel
Hans_Koch_(SS_officer),Josef_Klehr
Horst_Böhme_(SS_officer),Reinhard_Heydrich
Horst_Böhme_(SS_officer),Karl_Hermann_Frank
Horst_Böhme_(SS_officer),Hans_Frank
Horst_Böhme_(SS_officer),Adolf_Eichmann
Horst_Böhme_(SS_officer),Adolf_Hitler
